[
  {
    "_id": "A101",
    "title": "Propulsion Assignment",
    "course": "RS101",
    "module": "Module 1",
    "availableDate": "2024-10-20T00:00",
    "dueDate": "2024-10-30T23:59",
    "link": "#/Kanbas/Courses/RS101/Assignments/A101",
    "description": "This assignment is about propulsion systems in aerospace engineering.",
    "points": 100,
    "assignmentGroup": "Assignments",
    "showGradesAs": "Percentage",
    "submissionType": {
      "mode": "Online",
      "options": ["Text Entry", "Website URL", "Media Recordings"]
    },
    "assignedTo": "Everyone",
    "availableFrom": "2024-10-20T00:00",
    "availableUntil": "2024-10-30T23:59"
  },
  {
    "_id": "A102",
    "title": "Combustion Analysis",
    "course": "RS101",
    "module": "Module 2",
    "availableDate": "2024-10-22T00:00",
    "dueDate": "2024-11-02T23:59",
    "link": "#/Kanbas/Courses/RS101/Assignments/A102",
    "description": "This assignment is about combustion analysis in aerospace engineering.",
    "points": 200,
    "assignmentGroup": "Assignments",
    "showGradesAs": "Percentage",
    "submissionType": {
      "mode": "Offline",
      "options": ["Text Entry", "Website URL", "Media Recordings"]
    },
    "assignedTo": "Everyone",
    "availableFrom": "2024-10-22T00:00",
    "availableUntil": "2024-11-02T23:59"
  },
  {
    "_id": "A103",
    "title": "Nozzle Design Project",
    "course": "RS101",
    "module": "Module 3",
    "availableDate": "2024-10-25T00:00",
    "dueDate": "2024-11-05T23:59",
    "link": "#/Kanbas/Courses/RS101/Assignments/A103",
    "description": "This assignment is about nozzle design in aerospace engineering.",
    "points": 100,
    "assignmentGroup": "Projects",
    "showGradesAs": "100 Scale",
    "submissionType": {
      "mode": "Online",
      "options": ["Text Entry", "Website URL", "Media Recordings"]
    },
    "assignedTo": "Selected",
    "availableFrom": "2024-10-25T00:00",
    "availableUntil": "2024-11-05T23:59"
  },
  {
    "_id": "A201",
    "title": "Aerodynamics Quiz",
    "course": "RS102",
    "module": "Module 1",
    "availableDate": "2024-10-27T00:00",
    "dueDate": "2024-11-07T23:59",
    "link": "#/Kanbas/Courses/RS102/Assignments/A201",
    "description": "This quiz is about aerodynamics in aerospace engineering.",
    "points": 50,
    "assignmentGroup": "Quizzes",
    "showGradesAs": "10 Scale",
    "submissionType": {
      "mode": "Offline",
      "options": []
    },
    "assignedTo": "Everyone",
    "availableFrom": "2024-10-27T00:00",
    "availableUntil": "2024-11-07T23:59"
  },
  {
    "_id": "A202",
    "title": "Flow Analysis",
    "course": "RS102",
    "module": "Module 2",
    "availableDate": "2024-10-29T00:00",
    "dueDate": "2024-11-10T23:59",
    "link": "#/Kanbas/Courses/RS102/Assignments/A202",
    "description": "This assignment is about flow analysis in aerospace engineering.",
    "points": 100,
    "assignmentGroup": "Assignments",
    "showGradesAs": "Letter Grade",
    "submissionType": {
      "mode": "Online",
      "options": ["Text Entry", "Website URL", "Media Recordings"]
    },
    "assignedTo": "Selected",
    "availableFrom": "2024-10-29T00:00",
    "availableUntil": "2024-11-10T23:59"
  },
  {
    "_id": "A203",
    "title": "Heating Analysis",
    "course": "RS102",
    "module": "Module 3",
    "availableDate": "2024-10-31T00:00",
    "dueDate": "2024-11-12T23:59",
    "link": "#/Kanbas/Courses/RS102/Assignments/A203",
    "description": "This assignment is about heating analysis in aerospace engineering.",
    "points": 100,
    "assignmentGroup": "Assignments",
    "showGradesAs": "Raw Score",
    "submissionType": {
      "mode": "Online",
      "options": ["Text Entry", "Website URL", "Media Recordings"]
    },
    "assignedTo": "Everyone",
    "availableFrom": "2024-10-31T00:00",
    "availableUntil": "2024-11-12T23:59"
  },
  {
    "_id": "A301",
    "title": "Structural Design Task",
    "course": "RS103",
    "module": "Module 1",
    "availableDate": "2024-11-02T00:00",
    "dueDate": "2024-11-15T23:59",
    "link": "#/Kanbas/Courses/RS103/Assignments/A301",
    "description": "This task is about structural design in aerospace engineering.",
    "points": 150,
    "assignmentGroup": "Projects",
    "showGradesAs": "Percentage",
    "submissionType": {
      "mode": "Online",
      "options": ["Text Entry", "Website URL", "Media Recordings"]
    },
    "assignedTo": "Everyone",
    "availableFrom": "2024-11-02T00:00",
    "availableUntil": "2024-11-15T23:59"
  },
  {
    "_id": "A302",
    "title": "Orbital Calculations",
    "course": "RS103",
    "module": "Module 2",
    "availableDate": "2024-11-05T00:00",
    "dueDate": "2024-11-18T23:59",
    "link": "#/Kanbas/Courses/RS103/Assignments/A302",
    "description": "This assignment is about orbital calculations in aerospace engineering.",
    "points": 100,
    "assignmentGroup": "Assignments",
    "showGradesAs": "Percentage",
    "submissionType": {
      "mode": "Offline",
      "options": []
    },
    "assignedTo": "Everyone",
    "availableFrom": "2024-11-05T00:00",
    "availableUntil": "2024-11-18T23:59"
  },
  {
    "_id": "A303",
    "title": "Systems Engineering Exam",
    "course": "RS103",
    "module": "Module 3",
    "availableDate": "2024-11-08T00:00",
    "dueDate": "2024-11-20T23:59",
    "link": "#/Kanbas/Courses/RS103/Assignments/A303",
    "description": "This exam is about systems engineering in aerospace engineering.",
    "points": 200,
    "assignmentGroup": "Exams",
    "showGradesAs": "Percentage",
    "submissionType": {
      "mode": "Offline",
      "options": []
    },
    "assignedTo": "Everyone",
    "availableFrom": "2024-11-08T00:00",
    "availableUntil": "2024-11-20T23:59"
  }
]
